original_story,reordered_story,reason
I was playing poker | Everyone but my friend and I had folded | I had a royal flush | I decided to go all in | My friend decided to go all in and he lost,I was playing poker | Everyone but my friend and I had folded | I decided to go all in | My friend decided to go all in and he lost,wrong sentence count
John had a test coming up in three days | So John was ready to study for his test | He needed to pass it in order pass the class | John studied for those three days | John took the test and passed it,John had a test coming up in three days | He needed to pass it in order to pass the class | So John was ready to study for his test | John studied for those three days | John took the test and passed it,not a permutation of any gold story
Ben and Jill spent all morning making lemonade and cookies to sell | They got everything set up and ready to go | They were outside for about ten minutes when it started to pour | The rainy just wouldn't stop | So Ben and Jill enjoyed the cookies and lemonade themselves,Ben and Jill spent all morning making lemonade and cookies to sell | They got everything set up and ready to go | They were outside for about ten minutes when it started to pour | The rain just wouldn't stop | So Ben and Jill enjoyed the cookies and lemonade themselves,not a permutation of any gold story
"John was driving to work early one morning | He was taking the usual route that he knew well | He felt comfortable, so he began browsing through his phone | Suddenly, he blew a stop sign a careened off the road | He realized that using his phone while driving can mean real danger","John was driving to work early one morning | He was taking the usual route that he knew well | He felt comfortable, so he began browsing through his phone | Suddenly, he blew a stop sign and careened off the road | He realized that using his phone while driving can mean real danger",not a permutation of any gold story
"Mina looked around hurriedly | Already late, she grabbed her bag and ran out the door | Once in her car, she grabbed her cell phone to make a call | She started dialing the numbers and then saw the time | She realized it was Saturday and she didn't have to go to work","Mina looked around hurriedly | Already late, she grabbed her bag and ran out the door | Once in her car, she grabbed her cell phone to make a call | She started dializing the numbers and then saw the time | She realized it was Saturday and she didn't have to go to work",not a permutation of any gold story
The kids were going to visit their grandparents | The grandparents lived on a farm | They grew crops and raised animals | They kids always had a lot of fun | It was a great time for everyone,The grandparents lived on a farm | They grew crops and raised animals | The kids were going to visit their grandparents | The kids always had a lot of fun | It was a great time for everyone,not a permutation of any gold story
It was mike's last baseball game | The game was tied and he was on deck | He was getting heckled by members of the other team | So when he came up he was extra motivated | He singled up the middle and won the game for them,It was Mike's last baseball game | The game was tied and he was on deck | He was getting heckled by members of the other team | So when he came up he was extra motivated | He singled up the middle and won the game for them,not a permutation of any gold story
Lee wanted to compete in a race | She started running on her own | Soon she was faster and faster | Then she entered a race | Lee came in third place!,3|4|5|1|2,not a permutation of any gold story
"In 1996, my parents tooks a trip to Europe | They toured several countries in only a few weeks | During this trip, they brought back several keepsakes | They gave me a watch from Switzerland | The watch was psychedelic and shiny, and I cherish it","In 1996, my parents took a trip to Europe | They toured several countries in only a few weeks | During this trip, they brought back several keepsakes | They gave me a watch from Switzerland | The watch was psychedelic and shiny, and I cherish it",not a permutation of any gold story
Kelly was driving home late last night from a party | She was speeding a bit | A cop ended up pulling her over | Thankfully he only gave her a warning | Kelly new better next time,Kelly was driving home late last night from a party | She was speeding a bit | A cop ended up pulling her over | Thankfully he only gave her a warning | Kelly knew better next time,not a permutation of any gold story
"Andy was feeling very nervous | He had a blind date at a restaurant | He sat down and waited for the date to show up | She said she would be wearing a black dress | When she came through the door, Andy was impressed with her beauty",2|1|4|3|5,not a permutation of any gold story
Henry was on his way to eat at his favorite restaurant | His mom had invited his little cousin along with them | Henry was not pleased with his cousin tagging along | His cousin ran wildly through the restaurant knocking things over | An embarrassed Henry made his mother to promise to never bring along his little cousin again,Henry was on his way to eat at his favorite restaurant | His mom had invited his little cousin along with them | Henry was not pleased with his cousin tagging along | His cousin ran wildly through the restaurant knocking things over | An embarrassed Henry made his mother to never bring along his little cousin again,not a permutation of any gold story
Jamie parked her car in an illegal spot | She returned to find a cop writing her a ticket | she tried to convince him to stop | He told her it was too late | She drove off angrily,Jamie parked her car in an illegal spot | She tried to convince him to stop | He told her it was too late | She drove off angrily | She returned to find a cop writing her a ticket,not a permutation of any gold story
Justins dog need a bath | He had rolled in mud puddles after the rain and was a mess | It would be a big challenge to clean him because he hates baths | With a little determination Justin managed to get the job done | An hour later the cycle continued,Justin's dog needs a bath | He had rolled in mud puddles after the rain and was a mess | It would be a big challenge to clean him because he hates baths | With a little determination Justin managed to get the job done | An hour later the cycle continued,not a permutation of any gold story
We brought our cat home to our new house | A neighbor cat started showing up on our porch to see her | My cat hates other cats | I hissed at the neighbor cat to go away | Now he comes to our house to yell and his at us,We brought our cat home to our new house | My cat hates other cats | A neighbor cat started showing up on our porch to see her | I hissed at the neighbor cat to go away | Now he comes to our house to yell and hiss at us,not a permutation of any gold story
My mom's birthday was coming up | I needed to get her a present | I recalled that she liked to cook | i bought her a cookbook | She loved the cookbook!,My mom's birthday was coming up | I needed to get her a present | I recalled that she liked to cook | I bought her a cookbook | She loved the cookbook!,not a permutation of any gold story
Bob went to the doctor | The doctor said bob was lacking in iron | The doctor said he needed iron supplements | Bob bought iron supplements | Bob's iron levels were soon up to normal levels,Bob went to the doctor | The doctor said Bob was lacking in iron | The doctor said he needed iron supplements | Bob bought iron supplements | Bob's iron levels were soon up to normal levels,not a permutation of any gold story
"Before the night ended, I had one more pizza delivery to make | I drove to the house of the person that ordered the food | When I was walking towards the front door, I tripped | Luckily, my but landed on the ground before my face | However, the pizza was ruined and I had to get a new one","I drove to the house of the person that ordered the food | When I was walking towards the front door, I tripped | Luckily, my butt landed on the ground before my face | However, the pizza was ruined and I had to get a new one | Before the night ended, I had one more pizza delivery to make",not a permutation of any gold story
"Sam walked into the kitchen | He noticed a toy figure on the counter | As soon as he touched it, all of the parts fell | His brother was extremely mad at me since it was for a project | At this moment, peter wasn't concerned about the figure anymore","Sam walked into the kitchen|He noticed a toy figure on the counter|As soon as he touched it, all of the parts fell|At this moment, Peter wasn't concerned about the figure anymore|His brother was extremely mad at me since it was for a project",not a permutation of any gold story
Maggie had been taken back to the pound by her previous owner | She is not a friendly cat | One day a man walked into the pound | It was love at first site | The man took her home and gave her a place to live,She is not a friendly cat | Maggie had been taken back to the pound by her previous owner | One day a man walked into the pound | It was love at first sight | The man took her home and gave her a place to live,not a permutation of any gold story
The blacksmith took the glowing metal out of the fire | He held it with his pliers and placed it on the anvil | The hammer blows rang through his shop | The metal took the form he wanted | He plunged the form I you a bucket of water with a satisfying hiss,The blacksmith took the glowing metal out of the fire | He held it with his pliers and placed it on the anvil | The hammer blows rang through his shop | He plunged the form into a bucket of water with a satisfying hiss | The metal took the form he wanted,not a permutation of any gold story
"My mom reminded me to take out the trash tonight | Since I was studying late at night, I forgot | The next day, the garbage truck rode across the neighborhood | It passed my house since the trash cans were not out | My mom was mad when I told her that I forgot",5 | 1 | 4 | 3 | 2,not a permutation of any gold story
Ike went to a concert so his friends would think he's cool | He bought the t-shirt of the band and wore to to the concert | Everyone thought he was a big fan of the band and talked to him | Ike never heard the band before and just pretended to | After the concert he decided that maybe he will be a real fan,Ike never heard the band before and just pretended|Ike went to a concert so his friends would think he's cool|He bought the t-shirt of the band and wore to to the concert|Everyone thought he was a big fan of the band and talked to him|After the concert he decided that maybe he will be a real fan,not a permutation of any gold story
"I let the dog out this morning | I told her to go use the bathroom | Instead, she went and laid in the grass | I couldn't find her for a while | I got scared when I say her lying there","I let the dog out this morning | I told her to go use the bathroom | Instead, she went and laid in the grass | I couldn't find her for a while | I got scared when I saw her lying there",not a permutation of any gold story
The man set his alarm | He had an appointment the next morning | He slept through the appointment | He checked the alarm | The sound had been to low to wake him up,The man set his alarm | He checked the alarm | He had an appointment the next morning | He slept through the appointment | The sound had been too low to wake him up,not a permutation of any gold story
Amy couldn't swim | She took a swim class at her Gym | It was weeks of practice | Amy and her husband went on vacation to Jamaica | Amy surprised her husband by showing she now could swim,2|1|4|3|5,not a permutation of any gold story
"My husband recently joined a bbq competition | He makes the best BBQ ribs in the world | His sauce was really special, and it wowed the judges | They offered him second place in the competition, and he was proud | He is now considering starting his own BBQ business",2|5|1|3|4,not a permutation of any gold story
The bush grew too big | The man hired a gardener | The gardener cut the bush down | He left the the debris there | The man hauled it himself,The bush grew too big | The man hired a gardener | The gardener cut the bush down | The man hauled it himself | He left the debris there,not a permutation of any gold story
"Stacey was about to try steak for the first time | Since Stacey was Hindu, it was against her religion to eat beef | Thankfully she was given a pass | The beef tasted amazing | It was the best she ever tasted","Since Stacey was Hindu, it was against her religion to eat beef | Stacey was about to try steak for the first time | Fortunately she was given a pass | The beef tasted amazing | It was the best she ever tasted",not a permutation of any gold story
It was hot and David wanted a treat | He heard Turkey in the Straw playing | There was an icecream truck | David bought a chocolate cone | The double scoops melted quickly and fell onto the pavement,3|5|2|4|1,not a permutation of any gold story
"Alex and reza had been dating for two years | They were planning to get married on their fifth year | But after a year, reza got pregnant | So they decided to get married earlier of what they've planned | Even its earlier, their wedding was still unforgettable and special","Alex and Reza had been dating for two years | They were planning to get married on their fifth year | But after a year, Reza got pregnant | So they decided to get married earlier of what they've planned | Even its earlier, their wedding was still unforgettable and special",not a permutation of any gold story
Richard went to visit his buddy bobby who lived in california | Bobby lived on the San Francisco Bay on a sailboat | Richard had never been on a sailboat before but was very excited | Richard and Bobby spend five days out on the Bay on the boat | Richard had never felt so free in his entire life,Bobby lived on the San Francisco Bay on a sailboat | Richard went to visit his buddy Bobby who lived in California | Richard had never been on a sailboat before but was very excited | Richard and Bobby spend five days out on the Bay on the boat | Richard had never felt so free in his entire life,not a permutation of any gold story
"Ernie had a voice, but couldn't sing | He went to the karaoke bar just the same | One evening he met Bernice, and bought her a drink | Ernie proposed to her at the same bar, a year later | They got married, and lived happily together, until their divorce",3|4|5|2|1,not a permutation of any gold story
Jim bought a new car radio | He had it for only a week | ONe night he heard someone breaking into his car | They stole his new stereo | Jim was never able to get it back,Jim bought a new car radio | He had it for only a week | One night he heard someone breaking into his car | They stole his new stereo | Jim was never able to get it back,not a permutation of any gold story
I filled up the bird feeder in the yard | Many birds flew toward it to get some seeds | I noticed a beautiful blue jay | It quickly flew over to the feeder | Then back to it's nest with it's mouth full of food,I filled up the bird feeder in the yard | Many birds flew toward it to get some seeds | I noticed a beautiful blue jay | It quickly flew over to the feeder | Then back to its nest with its mouth full of food,not a permutation of any gold story
Dan's friend sent him a funny clip of a comedy sketch | The clip featured Tom Hanks as a Trump supporter on Black Jeopardy | Dan though the sketch was hilarious and laughed at it | He sent his friend back a Trump fan espousing how good it was | Dan's friend didn't seem to appreciate that quite as much,Dan's friend sent him a funny clip of a comedy sketch | The clip featured Tom Hanks as a Trump supporter on Black Jeopardy | Dan thought the sketch was hilarious and laughed at it | He sent his friend back a Trump fan espousing how good it was | Dan's friend didn't seem to appreciate that quite as much,not a permutation of any gold story
"Erin and her sister were born several years apart | Mary was just the baby, to grown up Erin | They were always fighting and arguing with one another | As they got older they started to enjoy each other's company | Now they are adults that have become as close as two people can be","Erin and her sister were born several years apart|Mary was just the baby, to grown-up Erin|They were always fighting and arguing with one another|As they got older they started to enjoy each other's company|Now they are adults that have become as close as two people can be",not a permutation of any gold story
Carole called her daughter | Her daughter sounded troubled | Carole drove to her daughters house | Her daughter was crying | Carole comforted her daughter,Carole called her daughter | Her daughter sounded troubled | Carole drove to her daughter's house | Her daughter was crying | Carole comforted her daughter,not a permutation of any gold story
Fred is driving down the road | His car starts to make a noise | He pulls over to check it out | Its his engine up in smoke | He calls a tow truck for help,Fred is driving down the road | His car starts to make a noise | He pulls over to check it out | It's his engine up in smoke | He calls a tow truck for help,not a permutation of any gold story
Tim was in a computer lab | He stood up to use the restroom | When he returned someone took his spot | Tim tried to tell him the problem but he wasn't heard | The kid who took his chair was deaf,Tim was in a computer lab | He stood up to use the restroom | When he returned someone took his spot | The kid who took his spot was deaf | Tim tried to tell him the problem but he wasn't heard,not a permutation of any gold story
"I went to the store to buy milk | I walked through the store and put many items in the cart | I went to the register, checked out, and drove home | When i went to put my items away, I realized I had forgotten the milk | I was frustrated during my drive back to the store","I went to the store to buy milk | I walked through the store and put many items in the cart | I went to the register, checked out, and drove home | When I went to put my items away, I realized I had forgotten the milk | I was frustrated during my drive back to the store",not a permutation of any gold story
"Nate approached the court | The judged asked him to honestly answer several questions | The defense attorney began to interrogate Nate | He kept a serious tone when speaking | Afterwards, the judge dismissed him","Nate approached the court | The defense attorney began to interrogate Nate | The judge asked him to honestly answer several questions | He kept a serious tone when speaking | Afterwards, the judge dismissed him",not a permutation of any gold story
"The kids liked helping with the grocery shopping | They would add all sorts of things to their mom's list | One day, they added ice cream and candy and chocolate | THey were disappointed when their mom came home from the store | She hadn't bought any of the junk food!","The kids liked helping with the grocery shopping | They would add all sorts of things to their mom's list | One day, they added ice cream and candy and chocolate | They were disappointed when their mom came home from the store | She hadn't bought any of the junk food!",not a permutation of any gold story
"Marsha was having a Halloween party at her house | She invited everyone except sandy | When Sandy found out she wasn't invited, she was upset | She asked Marsha about it | Marsha felt badly and ended up inviting her","Marsha was having a Halloween party at her house | She invited everyone except Sandy | When Sandy found out she wasn't invited, she was upset | She asked Marsha about it | Marsha felt badly and ended up inviting her",not a permutation of any gold story
Laurence grabbed an apple from the refrigerator | He bit into it and then spit it back out | The apple was rotten | Laurence looked in the fridge and realized everything was expired | Laurence decided to clean out his refrigerator more often,Laurence looked in the fridge and realized everything was expired | Laurence grabbed an apple from the refrigerator | The apple was rotten | He bit into it and then spat it back out | Laurence decided to clean out his refrigerator more often,not a permutation of any gold story
"Sarah was on the cheerleading team | She had to learn how to do backflips to get on the team | She practiced for days and days | Eventually she managed to do a couple of back flips | That's how she made the cheerleading team,",5 | 2 | 3 | 4 | 1,not a permutation of any gold story
Jessica had a tough life | She grew up without a mom and was responsible for her brothers | She never felt sorry for herself but knew she wanted a better life | Jessica started an organization for low income kids | She knew she wanted to help kids better themselves so she did,2 | 3 | 1 | 5 | 4,not a permutation of any gold story
Billy's best friend was Lou | Lou had gotten into an accident | Lou was in the hospital recovering | Billy visited Lou in the hospital | Lou smiled when he saw his friend,2 | 5 | 1 | 4 | 3,not a permutation of any gold story
Jay and his girlfriend drank | They got too drunk | His girlfriends mother saw them | She called the cops | The cops knew everything was fine and left,Jay and his girlfriend drank | They got too drunk | His girlfriend's mother saw them | She called the cops | The cops knew everything was fine and left,not a permutation of any gold story
"Jessica woke up and looked out her window | All she could she was a wonderful blanket of white snow | She got up, got dressed, and ran outside | Jessica had so much fun sledding and making snow angels | She can't wait to get up and do it again tomorrow","Jessica woke up and looked out her window | All she could see was a wonderful blanket of white snow | She got up, got dressed, and ran outside | Jessica had so much fun sledding and making snow angels | She can't wait to get up and do it again tomorrow",not a permutation of any gold story
It's was Dan's first day on the job | He had wanted to be a cop his entire life | His second call was an armed suspect running from the police | They were close and decided to pursue the criminal | Eventually Dan caught up to him and arrested him,He had wanted to be a cop his entire life | It was Dan's first day on the job | His second call was an armed suspect running from the police | They were close and decided to pursue the criminal | Eventually Dan caught up to him and arrested him,not a permutation of any gold story
"Jamie was nervous about her upcoming oboe recital | She was new to music | She'd only been practicing for a couple of months | She worked extra hard to get read | When she finished, the audience stood and clapped","She was new to music | She'd only been practicing for a couple of months | She worked extra hard to get ready | Jamie was nervous about her upcoming oboe recital | When she finished, the audience stood and clapped",not a permutation of any gold story
Sonya was ready for her first day at her new job | She was very nervous | Sonya dressed in her best outfit and headed out | The day was great | Sonya new she would love her new job,Sonya knew she would love her new job | Sonya was ready for her first day at her new job | She was very nervous | Sonya dressed in her best outfit and headed out | The day was great,not a permutation of any gold story
I was driving around a neighborhood | I saw my friend outside his house | He had a large hose | Water was coming out if it | He was draining his pool,I was driving around a neighborhood | I saw my friend outside his house | He was draining his pool | He had a large hose | Water was coming out of it,not a permutation of any gold story
"After I moved from Florida to Alabama, my mom got me a lizard | I decided to name my gecko Rhaegar, he was blue and orange in color | We went to the pet store with Rhaegar in a box so we could buy a tank | He ended up needed a dessert type tank, and a very large one at that | According to the sales associate he would grow to be a foot long","After I moved from Florida to Alabama, my mom got me a lizard|I decided to name my gecko Rhaegar, he was blue and orange in color|We went to the pet store with Rhaegar in a box so we could buy a tank|According to the sales associate he would grow to be a foot long|He ended up needing a dessert type tank, and a very large one at that",not a permutation of any gold story
Jimmy was a guest of honor at a banquet | He was the mayor of the city of Lamour | His nemesis Christian got up to give a speech | He started playing a video instead | It was a video of an affair Jimmy had with a woman not his wife,|He was the mayor of the city of Lamour|Jimmy was a guest of honor at a banquet|His nemesis Christian got up to give a speech|He started playing a video instead|It was a video of an affair Jimmy had with a woman not his wife|,wrong sentence count
Tom liked working on his car | He fixed it up to go faster | He took it to his local track | Tom had fun doing several races | He won and lost and wanted to keep going,4 | 3 | 1 | 5 | 2,not a permutation of any gold story
Kay met Chad online | Kay and chad grew close | Kay decided to move across the country to live with Chad | Kay rented a Uhaul and drove across the country | Kay now happily lives with Chad,Kay met Chad online | Kay and Chad grew close | Kay decided to move across the country to live with Chad | Kay rented a Uhaul and drove across the country | Kay now happily lives with Chad,not a permutation of any gold story
A burglar broke into Jeff's house | He stole his jewelry and several other personal items | Jeff called the cops and tried to stop the thief | The thief ended up escaping from the house | The cops showed up 5 minutes later\,A burglar broke into Jeff's house | He stole his jewelry and several other personal items | Jeff called the cops and tried to stop the thief | The cops showed up 5 minutes later | The thief ended up escaping from the house,not a permutation of any gold story
Maddie was at school | Her eye started to itch | She went to the bathroom to look at it | It was completely red | Her teacher sent her home with pinkeye,Maddie was at school | Her eye started to itch | She went to the bathroom to look at it | It was completely red | Her teacher sent her home with pinkeye |,wrong sentence count
"Steve wants to be able to dead life five hundred pounds at the gym | He currently can only deadliest about two hundred pounds | He set himself up with a year long plan to reach his goal | He worked hard and ate healthy for a year, making steady progress | A year later Steve was able to deadlift his goal weight!","Steve wants to be able to deadlift five hundred pounds at the gym | He currently can only deadlift about two hundred pounds | He set himself up with a year long plan to reach his goal | He worked hard and ate healthy for a year, making steady progress | A year later Steve was able to deadlift his goal weight!",not a permutation of any gold story
"At a house party, Joe was having a conversation with the host | The host and Joe disagreed on a political matter | Joe was getting annoyed but did not show it | The host had no idea that he was getting on Joe's nerves | Joe later got revenge on the hose by secretly knotting all his shoes","At a house party, Joe was having a conversation with the host | The host and Joe disagreed on a political matter | Joe was getting annoyed but did not show it | The host had no idea that he was getting on Joe's nerves | Joe later got revenge on the host by secretly knotting all his shoes",not a permutation of any gold story
The choir wanted to raise money for their trip | They decided to have a dog wash | They scrubbed people's' dogs until they were sparkling clean | It was a fun but messy job | They raised lots of money!,The choir wanted to raise money for their trip | They decided to have a dog wash | They scrubbed people's dogs until they were sparkling clean | It was a fun but messy job | They raised lots of money!,not a permutation of any gold story
Joe lays bricks for a living | He worked harder than all of his coworkers | Eventually joe got a promotion as a supervisor | Joe enjoyed the greatly increased pay for many years | Eventually he was able to retire comfortably,Joe lays bricks for a living | He worked harder than all of his coworkers | Eventually Joe got a promotion as a supervisor | Joe enjoyed the greatly increased pay for many years | Eventually he was able to retire comfortably,not a permutation of any gold story
Jim found a dog in a barn | The barn had tons of fur | It could barely walk | He rescued the dog from it's owners | He gave it a bath and a shave,Jim found a dog in a barn | The barn had tons of fur | It could barely walk | He rescued the dog from its owners | He gave it a bath and a shave,not a permutation of any gold story
"Rob ran cross country in college | After graduation he ran with his friends from work | One day the decided to try doing a triathlon | They enjoyed it so much that they did several more | In their third race, Rob won the state championship for his age group","Rob ran cross country in college | After graduation he ran with his friends from work | One day they decided to try doing a triathlon | They enjoyed it so much that they did several more | In their third race, Rob won the state championship for his age group",not a permutation of any gold story
The kids were playing freeze tag | Paul kept getting caught | Nobody unfroze him for some reason | He was very upset by this | He cried and left the game,The kids were playing freeze tag | Paul kept getting caught | Nobody unfrozed him for some reason | He was very upset by this | He cried and left the game,not a permutation of any gold story
Usher couldn't remember the melody to a complicated song | He didn't want to seem unprofessional by using lyric sheets | He came up with a clever solution to his problem | User put the music sheets in front of the PA where no one could see | He made it through the complicated song without missing a note,Usher couldn't remember the melody to a complicated song | He didn't want to seem unprofessional by using lyric sheets | He came up with a clever solution to his problem | Usher put the music sheets in front of the PA where no one could see | He made it through the complicated song without missing a note,not a permutation of any gold story
"Kathy was driving down the road | All of a sudden a deer jumped out in front of her | Kathy could not slow down | She hit the deer | Luckily, it did not do a ton of damage to her car","|Kathy was driving down the road|All of a sudden a deer jumped out in front of her|Kathy could not slow down|She hit the deer|Luckily, it did not do a ton of damage to her car|",wrong sentence count
Jeff and his grandpa always went down the river in the canoe | They made several trips every year and it was a great time | Jeff's grandpa pass away and left jeff the canoe to use | Jeff left the canoe in storage for several Years after | Then one day he pulled it out and took his son on it,Jeff and his grandpa always went down the river in the canoe | They made several trips every year and it was a great time | Jeff's grandpa pass away and left Jeff the canoe to use | Jeff left the canoe in storage for several Years after | Then one day he pulled it out and took his son on it,not a permutation of any gold story
"Gina was trying, and failing to fall asleep | She had been in the car for only and hour but it felt longer | She could hear all the noise the kids were making | She could hear the chewing as her sister ate a sandwich | Gina felt trapped and hopeless as the car crept through the traffic","She had been in the car for only an hour but it felt longer | Gina felt trapped and hopeless as the car crept through the traffic | She could hear all the noise the kids were making | She could hear the chewing as her sister ate a sandwich | Gina was trying, and failing to fall asleep",not a permutation of any gold story
Mindy decided to go over jake's house | They both are scared of spiders | Mindy had to go to Jake's bathroom | In there she found an enormous spider on his roof | She panicked and ran screaming out of his house,They both are scared of spiders|Mindy decided to go over Jake's house|Mindy had to go to Jake's bathroom|In there she found an enormous spider on his roof|She panicked and ran screaming out of his house,not a permutation of any gold story
"Chief Hawk a was noble leader | His tribe respected him being wise | He taught them well but had a weakness | Chief Hawk trusted too many, until it was endless | Unfaithful friends brought about Hawk's early ultimate demise","Chief Hawk was a noble leader | His tribe respected him being wise | He taught them well but had a weakness | Chief Hawk trusted too many, until it was endless | Unfaithful friends brought about Hawk's early ultimate demise",not a permutation of any gold story
"Cassidy has joined his college swimming team | He finds out that the other new members are all shaving their heads | Although he doesn't want to shave his head, he does so he can fit in | At first he finds it very cold and strange to have a shaved head | However, he feels very connected with other the new swimmers","Cassidy has joined his college swimming team|He finds out that the other new members are all shaving their heads|Although he doesn't want to shave his head, he does so he can fit in|At first he finds it very cold and strange to have a shaved head|However, he feels very connected with the new swimmers",not a permutation of any gold story
The family loved exploring | They found a cave in a state park that they'd never seen before | THey crawled in and shined their flashlights | They went further and further in | It was the most they'd ever explored a cave!,The family loved exploring | They found a cave in a state park that they'd never seen before | They crawled in and shined their flashlights | They went further and further in | It was the most they'd ever explored a cave!,not a permutation of any gold story
Chet was running late for work | He got to work an hour late | Chet skipped his lunch to make up for the time lost | Chet went home | He set his alarm earlier for the morning,Chet set his alarm earlier for the morning | Chet was running late for work | He got to work an hour late | Chet skipped his lunch to make up for the time lost | Chet went home,not a permutation of any gold story
Hannah took her friend to the Jewelry store | He planned to get his left ear lobe pierced | The worker set up her tools and cleaned his ear | She used a piercing gun to pierce his airs | Hannah's friend felt uncomfortable with the new look,He planned to get his left ear lobe pierced | Hannah took her friend to the Jewelry store | The worker set up her tools and cleaned his ear | She used a piercing gun to pierce his ears | Hannah's friend felt uncomfortable with the new look,not a permutation of any gold story
Tom had a salesman go to his door | He was trying to sell knives | Tom looked up reviews online | They were not very positive | He declined the salesman's offers,Tom was trying to sell knives|Tom had a salesman go to his door|Tom looked up reviews online|They were not very positive|He declined the salesman's offers,not a permutation of any gold story
"Jenn and her Grandma went to bingo one day | They stood in line and bought their papers | They sat down and begin to play | After a couple games of not winning, the started to lose hope | Then they won the last game and went home happy!","Jenn and her Grandma went to bingo one day | They stood in line and bought their papers | They sat down and begin to play | After a couple games of not winning, they started to lose hope | Then they won the last game and went home happy!",not a permutation of any gold story
Billy and jean were playing in the classroom | They stole the teachers eraser and started to throw it around | Elena didn't approve of what they were doing and told the teacher | The teacher told them to stop and gave them detentions | Elena felt nervous since she was the old who told the teacher,Billy and Jean were playing in the classroom | They stole the teachers eraser and started to throw it around | Elena didn't approve of what they were doing and told the teacher | The teacher told them to stop and gave them detentions | Elena felt nervous since she was the old who told the teacher,not a permutation of any gold story
"Terry went into the bookshop | She purchased several books and got out from there | The next day, her family was watching the news | They told her to come | She read that the bookshop collapsed several hours after her purchase","Terry went into the bookshop | She purchased several books and got out from there | They told her to come | She read that the bookshop collapsed several hours after her purchase | The next day, her family was watching the news |",wrong sentence count
Tim kept messing up at work | His boss told him it was his last warning | Tim messed up again | The boss felt bad | He gave Tim one last last warning,Tim kept messing up at work | Tim messed up again | The boss felt bad | His boss told him it was his last warning | He gave Tim one last warning,not a permutation of any gold story
Tom was out playing golf | A lightning storm started to hit | Tom wanted to finish his game | He was hight by lightning | Tom did not survive the hit,Tom wanted to finish his game | Tom was out playing golf | A lightning storm started to hit | He was hit by lightning | Tom did not survive the hit,not a permutation of any gold story
One of my favorite shows just got cancelled | It seems like these days just about every show gets cancelled | I'm not sure how we are ever suppose to get hooked on a series | I wrote a letter the the network venting my frustration | Hopefully they read it and it helps,One of my favorite shows just got cancelled | It seems like these days just about every show gets cancelled | I'm not sure how we are ever suppose to get hooked on a series | I wrote a letter to the network venting my frustration | Hopefully they read it and it helps,not a permutation of any gold story
My roomate wanted me to drive him to the student center | It was half a mile away | He did not want to get his new shoes dirty | He walked to the party | He still had a good time,My roommate wanted me to drive him to the student center|He did not want to get his new shoes dirty|It was half a mile away|He walked to the party|He still had a good time,not a permutation of any gold story
Rachel was very excited for yearbook photo's on Monday | She had really blossomed over the summer and felt great | She just needed to survive two more days without any face damage | On Monday morning when she was walking down the stairs she tripped | She refused to smile in her photo since she was now missing two teeth,1|4|5|2|3,not a permutation of any gold story
Susie was driving to work today | There was a lady hour who had cut her off | Susie got so mad | She started yelling at her | But then she realized it was pointless and just focused on the road,Susie was driving to work today | There was a lady who had cut her off | Susie got so mad | She started yelling at her | But then she realized it was pointless and just focused on the road,not a permutation of any gold story
When mike was little he had a pet chicken | He nurtured it from a chick | He lived on a farm with different animals but that was his favorite | When it got too big the family decided to eat it | Mike was the one that had to kill and prepare it,He lived on a farm with different animals but that was his favorite|When Mike was little he had a pet chicken|He nurtured it from a chick|When it got too big the family decided to eat it|Mike was the one that had to kill and prepare it,not a permutation of any gold story
Susan had a new phone | She was walking in the woods one day | She lost her phone | She got upset | Then she found it later,She had a new phone | She was walking in the woods one day | She lost her phone | She got upset | Then she found it later,not a permutation of any gold story
Charles didn't know how or when he'd pay his student loans | He owed more than thirty thousand dollars | But his jobs usually pay around ten dollars per hour | His new job pays twelve dollars per hour | Charles got his check and a hundred dollars were garnished for loans,|Charles didn't know how or when he'd pay his student loans|But his jobs usually pay around ten dollars per hour|His new job pays twelve dollars per hour|Charles got his check and a hundred dollars were garnished for loans|He owed more than thirty thousand dollars,wrong sentence count
"Tiffany bought a bookshelf from the store | In was in a giant heavy box | She didn't realize she'd have to put it together, though | She followed the instructions as best as she could | The bookshelf turned out really well and she actually had fun","Tiffany bought a bookshelf from the store | It was in a giant heavy box | She didn't realize she'd have to put it together, though | She followed the instructions as best as she could | The bookshelf turned out really well and she actually had fun",not a permutation of any gold story
Deakins was installing a playground at an elementary school | He was told to use wood chips instead of rubber or sand for the floor | He did not have any wood chips in stock | He had to order them from out-of-town | The children went an extra two weeks without a playground due to this,4|2|5|3|1,not a permutation of any gold story
Don parked his camper at a busy campground | Don talked to people passing by about his religion | One family was interested in what he had to say | The family joined Don's religion | Don reported his success to the local parish,|Don parked his camper at a busy campground|Don talked to people passing by about his religion|One family was interested in what he had to say|The family joined Don's religion|Don reported his success to the local parish|,wrong sentence count
Me and Marcy do not agree on anything | So Marcy storms out of the house to go to her friends | I stay at the house and have friends over | Marcy calls me crying to say she is sorry | But i have moved on and am now in a relationship with someone else,Me and Marcy do not agree on anything | So Marcy storms out of the house to go to her friends | I stay at the house and have friends over | Marcy calls me crying to say she is sorry | But I have moved on and am now in a relationship with someone else,not a permutation of any gold story
"Alice was out of food | She needed to get groceries | Alice gathered her baby to go to the store | She realized her husband had taken the car seat with him to work | With annoyance, she waited for her husband to come home",3|5|2|1|4,not a permutation of any gold story
Amy was in class with friends | Everyone was at their computer working on assignments | Amy's friend Pat was on a site watching videos | She found out the site was called YouTube | Amy checked it out and decided to come back later to see more,4|2|5|1|3,not a permutation of any gold story
Since they we building a new house the Jones needed to pack | They were downsizing and needed to go through their things | They made piles for things they wanted to keep | In other piles they kept things to sell and to donate | They had a huge yard sale and what was left was donated to the needy,Since they were building a new house the Jones needed to pack | They were downsizing and needed to go through their things | They made piles for things they wanted to keep | In other piles they kept things to sell and to donate | They had a huge yard sale and what was left was donated to the needy,not a permutation of any gold story
The detectives were combing through the grass | They were looking for clues as to who had broken into the home | They found a couple scraps of clothing | They took them into evidence | They were determined to solve this crime,4|3|5|2|1,not a permutation of any gold story
"Dan had always wanted to ride a motorcycle | However, he had never taken lessons | One year on a trip to Vietnam, he rented a motorcycle | Riding the motorcycle was one of the most fun things he had ever done | When he got home, And decided to take motorcycle lessons","Dan had always wanted to ride a motorcycle | However, he had never taken lessons | One year on a trip to Vietnam, he rented a motorcycle | Riding the motorcycle was one of the most fun things he had ever done | When he got home, he decided to take motorcycle lessons",not a permutation of any gold story
"Ava's friends set er up on a date with a man they found online | Ava was hesitant | She thought the date would be a failure | She agreed to go anyways | To her surprise, she really liked the man they'd picked!","Ava was hesitant|Ava's friends set her up on a date with a man they found online|She thought the date would be a failure|She agreed to go anyways|To her surprise, she really liked the man they'd picked!",not a permutation of any gold story
Harry lived by the ocean and loved it very much | He bought a large a fishing boat for himself | He docked his boat at the local marina | Harry didn't know the laws of driving a boat but drove anyway | He was pulled over by the coast guard and arrested for speeding,Harry lived by the ocean and loved it very much | He bought a large fishing boat for himself | He docked his boat at the local marina | Harry didn't know the laws of driving a boat but drove anyway | He was pulled over by the coast guard and arrested for speeding,not a permutation of any gold story
Jamie wanted to join the basketball team | He was rather short and small for his size | To improve his chance of joining the team he began to bulk up | Jamie spent time lifting weights and eating healthy | Jamies hard work paid off he was able to join the team,Jamie wanted to join the basketball team | He was rather short and small for his size | To improve his chance of joining the team he began to bulk up | Jamie spent time lifting weights and eating healthy | Jamie's hard work paid off he was able to join the team,not a permutation of any gold story
Joan wanted a to buy her first car | Her parents told her she would have to pay for it herself | Joan picked out a car but it cost way more than her allowance | Joan got a job and saved for months | Joan went and bought her new car with her own money,Joan wanted to buy her first car | Joan picked out a car but it cost way more than her allowance | Her parents told her she would have to pay for it herself | Joan got a job and saved for months | Joan went and bought her new car with her own money,not a permutation of any gold story
Molly had been scared of storms since she was a child | Her family had just moved to Kansas | She was terrified that a tornado would destroy their home | One day their was a terrible storm | Molly hid in the basement but learned storms could not hurt her,Her family had just moved to Kansas | Molly had been scared of storms since she was a child | She was terrified that a tornado would destroy their home | One day there was a terrible storm | Molly hid in the basement but learned storms could not hurt her,not a permutation of any gold story
Kim bought new plants | She was worried about keeping them alive | She made sure to water them often | They still got droopy and started dying | Kim realized she was over-watering\ them,Kim bought new plants | She was worried about keeping them alive | She made sure to water them often | Kim realized she was over-watering them | They still got droopy and started dying,not a permutation of any gold story
Tyler decides to pull the ultimate school prank | He gets a group of friends to trash the principles house | While trashing the house someone calls the cops | The cops catch tyler and his friends | They arrest Tyler and his friends,Tyler decides to pull the ultimate school prank | He gets a group of friends to trash the principals house | While trashing the house someone calls the cops | The cops catch tyler and his friends | They arrest Tyler and his friends,not a permutation of any gold story
"Bill woke up in the middle of the night | Bill realized the his front door was unlocked | He ran downstairs and locked the door | Bill checked every room to make sure the house was secure | Bill then went back to bed, exhausted from being so worried","Bill woke up in the middle of the night | Bill realized his front door was unlocked | He ran downstairs and locked the door | Bill checked every room to make sure the house was secure | Bill then went back to bed, exhausted from being so worried",not a permutation of any gold story
"Davy stared at the stopped clock, willing it to move | Ity seemed as if time was standing still | How long had time been this way was a mystery to him | Suddenly the clock ticked over to 5:00 pm | Davy sighed heavily as he clocked out of work","Davy sighed heavily as he clocked out of work|It seemed as if time was standing still|How long had time been this way was a mystery to him|Davy stared at the stopped clock, willing it to move|Suddenly the clock ticked over to 5:00 pm",not a permutation of any gold story
"Mary didn't have enough money to eat on | She told new friends it was her birthday | They all wanted to take her to dinner to celebrate | Of course, they want to pay for it | Mary got her free meal!",1|5|2|3|4,not a permutation of any gold story
Dan was hanging out with friends | He went to grab a beer | Sam realized it was the last one | He offered it to everyone else there | One person took him up on the offer,5|4|1|2|3,not a permutation of any gold story
"Remi decided to eat at a Chinese restaurant | After she ordered her food, she waited and waited | 30 minutes passed | And Remi began to feel impatient | She then yelled at her waitress and left","4. Remi decided to eat at a Chinese restaurant | 2. After she ordered her food, she waited and waited | 5. And Remi began to feel impatient | 1. 30 minutes passed | 3. She then yelled at her waitress and left",not a permutation of any gold story
"Tim was at an ice cream shop | They had several flavors to choose from | The customer in front kept taste testing different ones | Tim got frustrated after a while | The other customer noticed, apologized and finished buyin","Tim was at an ice cream shop | They had several flavors to choose from | The customer in front kept taste testing different ones | Tim got frustrated after a while | The other customer noticed, apologized and finished buying",not a permutation of any gold story
"Randy liked to use his Hula Hoop | He was surprised when he learned there were Hula Hoop contests | He researched on the internet, looking for a contest | He found out there was a contest in a neighboring city | Randy went to the contest and had a blast, making lots of new friends","Randy liked to use his Hula Hoop|Randy researched on the internet, looking for a contest|He was surprised when he learned there were Hula Hoop contests|He found out there was a contest in a neighboring city|Randy went to the contest and had a blast, making lots of new friends",not a permutation of any gold story
Jane felt like learning something new | She browsed the internet searching for nearby classes | She found a cooking class that she though she may enjoy | She completed the signup form | Next week she attended to her first class,Jane felt like learning something new | She browsed the internet searching for nearby classes | She found a cooking class that she thought she may enjoy | She completed the signup form | Next week she attended to her first class,not a permutation of any gold story
A hockey player was skating towards the opponent's goal | There was only a few seconds left and he was losing | The player gave a mighty slap shot | The puck flew at the goal and went in | The goal was good and the game went to overtime,"""There was only a few seconds left and he was losing | A hockey player was skating towards the opponent's goal | The player gave a mighty slap shot | The puck flew at the goal and went in | The goal was good and the game went to overtime""",not a permutation of any gold story
Tim had a problem with alcohol | His family wanted him to do something about it | They sat hi down and talked about it | Tim agreed with their assessment | He decided to cut down on drinking,Tim had a problem with alcohol | His family wanted him to do something about it | They sat him down and talked about it | Tim agreed with their assessment | He decided to cut down on drinking,not a permutation of any gold story
"Shay was having an Easter egg hunt | She invited her grandchildren to search for eggs | Each grandchild found over a dozen eggs | They they clamored to see who would get a prize | To their surprise, Shay gave prizes to them all!","Shay was having an Easter egg hunt | She invited her grandchildren to search for eggs | Each grandchild found over a dozen eggs | They clamored to see who would get a prize | To their surprise, Shay gave prizes to them all!",not a permutation of any gold story
Norm riding his bicycle | The chain came off the track | His sister came over to help him | They quickly put the chain on the track | Norm was able to ride is bicycle again,Norm riding his bicycle | The chain came off the track | His sister came over to help him | They quickly put the chain on the track | Norm was able to ride his bicycle again,not a permutation of any gold story
"Phillip was listening to morse code on his ham radio | He heard someone in Japan ask how he was | Phillip texted back that he was fine | Then suddenly communication ceased | Philip waited for hours, but he never heard from his friend again","Philip was listening to morse code on his ham radio | He heard someone in Japan ask how he was | Phillip texted back that he was fine | Then suddenly communication ceased | Philip waited for hours, but he never heard from his friend again",not a permutation of any gold story
Karl woke up late for work one day | He didn't know why his alarm didn't go off | Later that day his alarm went off | Karl realized he put PM instead of AM> | He vowed to never make the same mistake again,Karl woke up late for work one day | He didn't know why his alarm didn't go off | Karl realized he put PM instead of AM | He vowed to never make the same mistake again | Later that day his alarm went off,not a permutation of any gold story
Michael had always loved Julia | Julia never really liked Michael | One day Michael was in a small store | Be bought Julia a pendant | Julia ended up breaking Michael's heart,Michael had always loved Julia | Julia never really liked Michael | One day Michael was in a small store | He bought Julia a pendant | Julia ended up breaking Michael's heart,not a permutation of any gold story
"Steve and Josie are newlyweds | But Josie suspects that Steve is already cheating | She told her friends and they all agreed Steve was up to something | They all decided to follow him one day | Unfortunately, Josie caught Steve cheating with another woman",2|4|5|3|1,not a permutation of any gold story
Christina loves technology | She reads technology blogs in her free time | Her friends and family know that she likes getting new tech | Her best friend decided to surprise her with a new camera | Christina was very happy with her new high-tech camera,Christina loves technology | She reads technology blogs in her free time | Her friends and family know that she likes getting new tech | Her best friend decided to surprise her with a new camera | Christina was very happy with her new high-tech camera.,not a permutation of any gold story
Mark wants to be a doctor real bad | He's trying to decide where to get his degree from | He is quickly finding out how expensive this will be | He will have a lot of student loans | Mark decides it's worth it because he really wants to do this,Mark wants to be a doctor real bad | He's trying to decide where to get his degree from | He is quickly finding out how expensive this will be | He will have a lot of student loans | Mark decides it's worth it because he really wants to be a doctor,not a permutation of any gold story
Cameron was in labor with her first child | She was afraid and very nervous about becoming a mom | But her labor went smoothly and quickly | Soon she was holding her baby and breastfeeding like a pro | Cameron was proud and pleased with her newfound mom skills!,Cameron was afraid and very nervous about becoming a mom | Cameron was in labor with her first child | But her labor went smoothly and quickly | Soon she was holding her baby and breastfeeding like a pro | Cameron was proud and pleased with her newfound mom skills!,not a permutation of any gold story
"Alex had a membership at a wholesale club | Over the year, he had barely visited the club | The membership was up for renewal | Alex felt like the fifty dollars was a waste of money | Alex didn't renew his membership","Alex had a membership at a wholesale Club | The membership was up for renewal | Over the year, he had barely visited the club | Alex didn't renew his membership | Alex felt like the fifty dollars was a waste of money",not a permutation of any gold story
I was never popular in high school | Guys weren't interested in me but I was very interested in Thomas | He knew I liked him but he used me and dated other girls instead | Year's went by and I got prettier and more confident | I ran into Thomas Year's later and didn't even glance his way,I was never popular in high school | Guys weren't interested in me but I was very interested in Thomas | He knew I liked him but he used me and dated other girls instead | Year's later and I got prettier and more confident | I ran into Thomas Year's later and didn't even glance his way,not a permutation of any gold story
Ted is running for president | He makes all kinds of promises | He tells the american people what they want to hear | The election comes | Ted wins the people's votes and becomes president,Ted is running for president|He makes all kinds of promises|He tells the american people what they want to hear|The election comes|Ted wins the people`s votes and becomes president,not a permutation of any gold story
Tom had to go to court downtown | He parked at a meter | The court proceedings took longer than expected | Tom wasn't able to feed the meter while inside | He went back out to find he had gotten a parking ticket,Tom had to go court downtown | He parked at a meter | Tom wasn't able to feed the meter while inside | The court proceedings took longer than expected | He went back out to find he had gotten a parking ticket,not a permutation of any gold story
"Donald was a senator | He ran as an indie candidate | Donald wanted better implementation of his policies | Ge decided to run in the next term as a Republican | He won again, and is now in a better position","Donald was a senator | Donald wanted better implementation of his policies | He ran as an indie candidate | He won again, and is now in a better position | He decided to run in the next term as a Republican",not a permutation of any gold story
"Aimee sensed her boyfriend, Jason, had commitment issues | For two years he didn't refer to her as his girlfriend | When he graduated from college, her introduced Aimee as his friend | Aimee went to the bathroom and broke down crying | Her friend told her Jason she's crying because you call her friend!","Aimee sensed her boyfriend, Jason, had commitment issues | For two years he didn't refer to her as his girlfriend | When he graduated from college, he introduced Aimee as his friend | Her friend told her Jason she's crying because you call her friend! | Aimee went to the bathroom and broke down crying",not a permutation of any gold story
John grew up stocking freezers for his parent's business | He would slide bottles of water and soft drinks onto the shelves | For many years he did this simple to task to help his parents | He eventually grew tired of it | But now he is very resilient to the cold,John grew up stocking freezers for his parent's business | He would slide bottles of water and soft drinks onto the shelves | For many years he did this simple task to help his parents | He eventually grew tired of it | But now he is very resilient to the cold,not a permutation of any gold story
"Jack went to the casino with his friends last night | Normally when they go they just play the slots | Jack had never won anything | Him and his friends tried the slots again | To his delight, jack won ten thousand dollars","Normally when they go they just play the slots|Jack went to the casino with his friends last night|Him and his friends tried the slots again|Jack had never won anything|To his delight, Jack won ten thousand dollars",not a permutation of any gold story
"Kate has a essay due in a week | She decided to work on a page every day | When it was due all she had to do was print it | However, when Kate went to print, it was gone | Kate had to pull an allnighter and rewrite her essay","Kate has an essay due in a week|She decided to work on a page every day|However, when Kate went to print, it was gone|Kate had to pull an allnighter and rewrite her essay|When it was due all she had to do was print it",not a permutation of any gold story
Jane was usually shy | She was invited to the bar by her friends | Jane decided to go | ONce there they started doing karaoke | Jane was convinced to join and had fun,Jane was usually shy|She was invited to the bar by her friends|Jane decided to go|Once there they started doing karaoke|Jane was convinced to join and had fun,not a permutation of any gold story
"Ken had too many drinks | My friends and I had to pull him out of the bar | However, he fought back and tried to go back inside | He threw his fists in the but eventually fell | We picked him up and threw him inside the backseat of my car","Ken had too many drinks | My friends and I had to pull him out of the bar | However, he fought back and tried to go back inside | He threw his fists in the bar but eventually fell | We picked him up and threw him inside the backseat of my car",not a permutation of any gold story
Andrew had a dog named Sam | Same got into a fight with another dog | Andrew was forced to surrender the dog to the county | He had to fight in court to get his dog back | Fortunately they were reunited after he won the case,Andrew had a dog named Sam | Sam got into a fight with another dog | Andrew was forced to surrender the dog to the county | He had to fight in court to get his dog back | Fortunately they were reunited after he won the case,not a permutation of any gold story
"Petey wanted a new canoe, but is was very expensive | Petey thought he might not be able to afford it, but soon got an idea | Every day, Petey would save his leftover cash and coins in a bucket | Without ever taking from the bucket, Petey continued to add to it | After 2 years, Petey had more than enough money to buy the boat","Petey wanted a new canoe, but it was very expensive|Petey thought he might not be able to afford it, but soon got an idea|Every day, Petey would save his leftover cash and coins in a bucket|Without ever taking from the bucket, Petey continued to add to it|After 2 years, Petey had more than enough money to buy the boat",not a permutation of any gold story
"Jerry and jamie were in a long distance relationship | They keep trying to make it work | After some time, Jamie cheated on Jerry | Jerry never found out until Jamie confessed | Jerry dumped her","Jerry and Jamie were in a long distance relationship|After some time, Jamie cheated on Jerry|Jerry never found out until Jamie confessed|Jerry dumped her|They keep trying to make it work",not a permutation of any gold story
My friend's name is Sam | She is very pretty | She liked to hang out with a lot of people | She started hanging out with my boyfriend | Same and I are no longer friends,My friend's name is Sam | She is very pretty | She liked to hang out with a lot of people | She started hanging out with my boyfriend | Sam and I are no longer friends,not a permutation of any gold story
Jack signed up to test experimental medicine | He signed up with many different companies | He eventually got very sick | It took a long time fore the effects to wear off | Now Jack is afraid to take medicine,Jack signed up to test experimental medicine | He signed up with many different companies | It took a long time for the effects to wear off | He eventually got very sick | Now Jack is afraid to take medicine,not a permutation of any gold story
Luke got detention at school last week | He has to stay after school for an hour every day | Apparently he got into a fight with another kid | The other kid got detention too | They both learned that fighting just makes things worse,Apparentlly he got into a fight with another kid | Luke got detention at school last week | The other kid got detention too | He has to stay after school for an hour every day | They both learned that fighting just makes things worse,not a permutation of any gold story
"Judith was six, and lived with her parents in Alabama | Her parents loved Judith's southern accent | When she was seven, Judith and her family moved to Texas | In Texas, her new teachers though her accent was a speech impediment | They required Judith to take speech therapy","Judith was six, and lived with her parents in Alabama | When she was seven, Judith and her family moved to Texas | In Texas, her new teachers thought her accent was a speech impediment | They required Judith to take speech therapy | Her parents loved Judith's southern accent",not a permutation of any gold story
Tom had a fear of height.s | He tried to conquer it often | Tom went with friends to a waterfall | It was high and they all jumped off of it | Tom joined and felt accomplished,Tom had a fear of height.|Tom went with friends to a waterfall|It was high and they all jumped off of it|He tried to conquer it often|Tom joined and felt accomplished,not a permutation of any gold story
I saw a woman walk out of our building with a dog | Our building has a no dog policy except for service animals | I recognized the dog as a service animal | Another neighbor said out the dog was supposed to wear an id collar | I said the neighbor was being too nosy,I saw a woman walk out of our building with a dog | I recognized the dog as a service animal | Another neighbor said the dog was supposed to wear an id collar | Our building has a no dog policy except for service animals | I said the neighbor was being too nosy,not a permutation of any gold story
"Maurice realized he needed more warm clothing for the upcoming winter | He went to a store to look for something warm to wear | Maurice found a terrific gray sweater that fit him well | Although it was expensive, Maurice bought the sweater | He was happy to have something warm to wear for winter","|Maurice realized he needed more warm clothing for the upcoming winter|Maurice found a terrific gray sweater that fit him well|He went to a store to look for something warm to wear|Although it was expensive, Maurice bought the sweater|Maurice was happy to have something warm to wear for winter",wrong sentence count
Renee had allows wanted to visit the Mall of America | Her friend had invited her to go to the mall with her | She was very excited for the experience | As they parked in one of the parking lots Renee was very excited | They spent the day experiencing everything the mall had to offer,Renee had always wanted to visit the Mall of America|Her friend had invited her to go to the mall with her|She was very excited for the experience|As they parked in one of the parking lots Renee was very excited|They spent the day experiencing everything the mall had to offer,not a permutation of any gold story
Lyla took out her canvas and paints | She has been feeling a bit of inspiration | Lyla decided to not think about what she was painting | She painted for hours | Her end product was better than she expected,1|4|5|2|3,not a permutation of any gold story
We had sugar ants in our apartment | They got into the cat's food if it was left in the tray for awhile | They even got into the Keurig | We had an exterminator put down some bait | They were gone within 3 weeks,We had sugar ants in our apartment | They got into the cat's food if it was left in the tray for awhile | They even got into the Keurig | We had an exterminator put down some bait | They were gone within 3 weeks |,wrong sentence count
Sara loves coffee | She wakes up every morning and drinks one cup | She mixes it was cream and sugar | Sara then takes a cup to work | Coffee helps her make it through the day,Sara loves coffee|She wakes up every morning and drinks one cup|She mixes it with cream and sugar|Sara then takes a cup to work|Coffee helps her make it through the day,not a permutation of any gold story
Randy was looking for a college that would give merit scholarships | He had worked hard through school but was not great at sports | He did not qualify for a need scholarship but couldn't afford college | He searched for school that would value his academic merit | He found one that used its football income to fund merit scholarships,4|3|5|2|1,not a permutation of any gold story
The Smith family went to the mountains to cut a fresh Christmas tree | They finally found the perfect one | Mister Smith was about to chop it down when they heard chirping | There was a bird's nest in the tree | They picked a back up tree to take home,1|4|2|3|5,not a permutation of any gold story
Ben liked bacon for breakfast | So when he came down for breakfast he was shocked | Only a box of cheerios was on the counter | He asked his mom why he didn't make him breakfast | She told him he was forty Year's old and he could do it himself,Ben liked bacon for breakfast | So when he came down for breakfast he was shocked | Only a box of cheerios was on the counter | He asked his mom why he didn't make him breakfast | She told him he was forty Years old and he could do it himself,not a permutation of any gold story
The man went to the wedding | He didn't recognize anybody | He say by himself | The bride and groom walked down the aisle | The man realized he was at the wrong wedding,The man went to the wedding | He didn't recognize anybody | He sat by himself | The man realized he was at the wrong wedding | The bride and groom walked down the aisle,not a permutation of any gold story
"The girls were headed out of town | They were going to go to a waterpark | THey loved riding water slides | When they got there, they made a beeline for the biggest ride | It was going to be a great day!","It was going to be a great day! | They were going to go to a waterpark | The girls were headed out of town | They loved riding water slides | When they got there, they made a beeline for the biggest ride",not a permutation of any gold story
Johann wakes up feeling sleepy | He decides to make a cup of coffee | Johann beings by grinding some coffee beans | He makes a delicious cup of coffee | Johann is happy not to feel sleepy any longer,Johann wakes up feeling sleepy | He decides to make a cup of coffee | Johann begins by grinding some coffee beans | He makes a delicious cup of coffee | Johann is happy not to feel sleepy any longer,not a permutation of any gold story
It was a dark night | Ed was driving home from work | Suddenly a rainstorm began obscuring his vision | Ed decided to pull over | He waited until it was safe before he drove again,It was a dark night | Ed was driving home from work | Suddenly a rainstorm began obscuring his vision | Ed decided to pull over | He waited until it was safe before he drove again |,wrong sentence count
Neil flew to Indonesia | He landed and hurried to get to his hotel | Then he checked in and took a bus to the shore | He was captivated by the gorgeous beaches | Indonesia truly was a paradise!,Neil flew to Indonesia | He landed and hurried to his hotel | Then he checked in and took a bus to the shore | He was captivated by the gorgeous beaches | Indonesia truly was a paradise!,not a permutation of any gold story
Jake always wanted to run with bulls | He thought it looked cool on television | He got his chance when his parents bought him a trip | Jake went and had a great time | He cherished the memory forever,5|1|3|4|2,not a permutation of any gold story
Dale knew he had a big test coming up | He had to study hard to pass it | Dale decided he could cram it all in in one night | Dale passed out studying | Dale woke up sleepy and totally failed his test,Dale knew he had a big test coming up | Dale decided he could cram it all in one night | He had to study hard to pass it | Dale passed out studying | Dale woke up sleepy and totally failed his test,not a permutation of any gold story
"Kim was only 13, but she wanted to learn to cook | Shew as a vegetarian so her carnivore mother was no help | She went online and wrote down some recipes | But her other refused to make a trip to the store to buy supplies | Kim eat eggs instead of meat until she made it to the grocery store","Kim was only 13, but she wanted to learn to cook | She was a vegetarian so her carnivore mother was no help | She went online and wrote down some recipes | But her other refused to make a trip to the store to buy supplies | Kim ate eggs instead of meat until she made it to the grocery store",not a permutation of any gold story
Sally was bored will all her video games | She then went to the store to look at the games they had for sale | A new video game had been released that day | Sally purchased the video game | Now she wont do anything but play her new game,Sally was bored with all her video games | A new video game had been released that day | She then went to the store to look at the games they had for sale | Sally purchased the video game | Now she wont do anything but play her new game,not a permutation of any gold story
Gina wanted to find her her stolen pencils | She was searching a boy names Dave's desk | But the pencils weren't there | She was alone and needed to look fast | When she heard the class coming she gave up her search,Gina wanted to find her stolen pencils | She was alone and needed to look fast | She was searching a boy named Dave's desk | But the pencils weren't there | When she heard the class coming she gave up her search,not a permutation of any gold story
I stopped taking my prescribed pills because they made sick | I had tried chewing my pills but I couldn't swallow them | I crumbled my pills in water | The water made my heart race | I told the doctor his pills made me sick so i stopped taking them,I had tried chewing my pills but I couldn't swallow them|I crumbled my pills in water|The water made my heart race|I stopped taking my prescribed pills because they made me sick|I told the doctor his pills made me sick so i stopped taking them,not a permutation of any gold story
Margaret was feeling overwhelmed at her job lately | Her recent promotion meant she suddenly had a lot more work to do | She realized she was in trouble and scheduled a meeting with her boss | She requested a dedicated assistant to help with the workload | Her boss agreed and Margaret soon had the assistance she needed,1. Her recent promotion meant she suddenly had a lot more work to do | 4. Margaret was feeling overwhelmed at her job lately | 3. She realized she was in trouble and scheduled a meeting with her boss | 2. She requested a dedicated assistant to help with the workload | 5. Her boss agreed and Margaret soon had the assistance she needed,not a permutation of any gold story
Carl didn't have anything to do all day | He was done with his homework and didn't like tv | Eventually he decided to play a videogame | Before he knew it night time came around | He felt unfulfilled as he went to sleep,5|1|2|3|4,not a permutation of any gold story
Ashley applied for a job at a restaurant | The manager called her the next day | She went in for an interview | The manager thought she was a good fit | She got the job and started the next day,|Ashley applied for a job at a restaurant|The manager called her the next day|She went in for an interview|The manager thought she was a good fit|She got the job and started the next day,wrong sentence count
"Butch surprised everyone by being the fastest sprinter in his school | Even though he was in the seventh grade, he outran older kids | They went to a track meet and he outran everyone there | He was fast but one eighth grader in the state was faster | He practiced his starts using a parachute and beat the other person",3|2|1|5|4,not a permutation of any gold story
I got a call from a stranger today | I ask who the person the person was | The caller stated he was selling health insurance | I told him I had health insurance | I told the caller to not call my phone number again,I got a call from a stranger today | The caller stated he was selling health insurance | I tell him I had health insurance | I ask who the person the person was | I told the caller to not call my phone number again,not a permutation of any gold story
My sister in law gave me a book of matches | She asked me to sell them on ebay | I started  the bid at $1 and fifty cents | I received one bid | With shipping I made $2 and eighty five cents  for my sister in law,My sister in law gave me a book of matches | She asked me to sell them on ebay | I started the bid at $1 and fifty cents for my sister in law | I received one bid | With shipping I made $2 and eighty five cents for my sister in law,not a permutation of any gold story
